ID,category,reasoning
subethasmtp_1,FN,"The class is using a resource (file) that is not properly closed, which can lead to resource leaks."
subethasmtp_3,FN,"The code is not memory-efficient due to the creation of a new thread pool for accepting incoming connections, which can lead to a significant increase in memory usage."
subethasmtp_2,FN,"The code does not appear to handle any potential resource leaks, such as closing the file or stream after use."
selendroid_1,FN,The code snippet is vulnerable to SQL injection due to the use of string concatenation to build SQL queries.
catalina_1,TN,"The code is not optimized for performance. It creates a new StringBuffer object for each iteration of the loop, which can lead to a significant increase in memory usage and slow down the execution."
Rajawali_1,FN,"The code does not appear to be managing resources properly. It creates a new `LittleEndianDataInputStream` object, but it is not closed. This can lead to resource leaks if the `Parser` object is not properly cleaned up."
Fowler_1,FN,"The code has a significant performance issue due to the use of a temporary ArrayList to store the rentals, which can lead to a lot of garbage collection and slow down the application. A more efficient approach would be to use a Set or a Map to store the rentals, which would allow for faster lookups and updates."
Fowler_2,FN,"The code is not optimized for performance. It creates a new `StringBuilder` object for each iteration of the loop, which can lead to a significant increase in memory usage and potentially slow down the program. A more efficient approach would be to use a `String` instead of a `StringBuilder` for the builder, and use a single `StringBuilder` for the entire string."
PointCloudDatasetReader_1,TN,"The class is not thread-safe and does not handle exceptions properly, which can lead to resource leaks and other issues."
poei-2018-cgi-base-spring_1,TN,"The code is vulnerable to SQL injection due to the lack of parameterization of the SQL query. The `password` field is directly inserted into the SQL query without any validation or sanitization, making it possible to inject malicious SQL code."
quiz-app_1,TN,"The provided code snippet is not optimized for performance. The use of `@IgnoreExtraProperties` is not necessary in this case, as the Firebase Realtime Database does not require it. The `@Expose` annotation is also not necessary for the `mRating` and `mMarks` fields, as they are not sensitive data. The `getRating()` and `getMarks()` methods are also not necessary, as they are not being used anywhere in the code. The `mRating` and `mMarks` fields are being accessed directly, which is more efficient."
osmeditor4android_1,TN,The code is not optimized for performance. It uses a for-each loop which is not suitable for large datasets. A more efficient approach would be to use a while loop or a for loop with a counter.
osmeditor4android_3,FN,"The code is vulnerable to SQL injection due to the use of string concatenation in the `pattern` method. The `params` array is not properly sanitized, allowing an attacker to inject malicious SQL code."
osmeditor4android_2,TN,"The code is vulnerable to memory leaks due to the lack of proper garbage collection. The `Handler` object is not being garbage collected, and the `Service` is not being stopped when the application is closed, leading to memory leaks."
sample-employee-rest-server_1,FN,"The class UserDetailsImpl is a simple implementation of UserDetails, but it does not provide any significant performance benefits. It is a straightforward implementation that does not utilize any Spring-specific features or optimizations."
sample-employee-rest-server_2,TN,"The package name is not secure. It should be in the format of a domain name or a company name, not a generic package name."
leakcanary_1,TN,"The code does not appear to be vulnerable to memory leaks. It uses a `MemoryMappedFileBuffer` to read the heap dump file, which is a common approach for analyzing heap dumps. The `MemoryMappedFileBuffer` is properly closed and released after use, ensuring that the memory is released back to the system."
thumbnailator_1,FN,"The code is using a raw type for the ImageWriter, which can lead to memory leaks and other issues if not used carefully. It should be replaced with a checked or unchecked type, such as ImageIO.ImageWriter or ImageIO.ImageWriterFactory."
thumbnailator_2,TN,"The code is not memory-efficient as it creates a new BufferedImage object every time it's used, which can lead to a lot of memory allocation and garbage collection."
fresco_1,TN,"The code does not appear to be managing resources properly. It creates a new instance of `EncodedImage` and returns it, but it does not close the `PooledByteBuffer` or release any other resources. This can lead to resource leaks."
fresco_3,TN,"This code is not memory-efficient because it creates a new HashMap instance for each key-value pair, resulting in a lot of unnecessary memory allocation and garbage collection."
fresco_2,FN,"The code is not thread-safe due to the lack of synchronization on the `iterator` variable, which is used to iterate over the `Pair` objects."
dbmaintain_1,TN,"The code is not optimized for performance. It uses a nested loop to check if the implementation-specific property exists in the configuration, which can be slow for large configurations. A more efficient approach would be to use a dictionary lookup, which has an average time complexity of O(1)."
xslt-library_1,FN,"The code has a performance issue due to the use of a nested loop, which can be slow for large inputs. A more efficient approach would be to use a set to store the allowed privileges and then check if the input privilege is in the set."
xslt-library_2,FN,"The code is not optimized for performance. It uses a while loop to find the index of the start of the substring, which has a time complexity of O(n), where n is the length of the input string. This can be slow for large inputs."
EfficientAdapter_1,TN,"The code is using a non-standard pattern for storing views, which may lead to memory leaks if not properly cleaned up."
liferay-portal_1,FN,"The code is not optimized for performance, as it creates a new `Folder` object for each nested collection. This can lead to increased memory usage and slower performance."
POO_1,FN,"The code is not optimized for performance. It creates a new `StringBuilder` object for each iteration of the loop, which can lead to a significant increase in memory usage and potentially slow down the program."
cocos2d_3,FN,"The code is not memory-efficient due to the repeated creation of a WeakReference to the CCQuadParticleSystem instance, which can lead to memory leaks if the instance is not properly released."
cocos2d_2,TN,"The code is using a custom GLResourceLoader, which is not thread-safe. This can lead to issues when multiple threads are accessing the same resource, potentially causing data corruption or crashes."
RoboSpock_1,TN,"The code is using a static classLoader, which can lead to issues with class loading and security concerns."
device-year-class_1,TN,"The code does not properly manage resources, specifically the file input stream. It should be closed after use to prevent resource leaks."
device-year-class_2,FN,"The code does not properly manage resources, specifically the file input stream. It should be closed after use to prevent resource leaks."
ADFGVX_1,TN,"The code has a time complexity of O(n^2) due to the nested loops, which is inefficient for large inputs."
AndroidBillingLibrary_1,TN,"The code is using a static variable to store the IMarketBillingService instance, which defeats the purpose of encapsulation and makes the code harder to test and maintain."
ig-json-parser_1,FP,"The annotation is designed to be retained at the class level, which is a good practice for security and maintainability reasons."
terasology_4,FN,"The code snippet is using the Bullet Physics engine, which is a physics engine that supports rigid body dynamics, collision detection, and rigid body simulation. However, the provided code snippet is not actually using the engine to simulate physics. It's just setting up a world and a liquid wrapper, but it's not creating any rigid bodies or simulating any physics."
terasology_3,FN,"The code snippet is not memory-efficient as it creates a new NUIManager instance every time the pattern() method is called, which can lead to unnecessary memory allocation and garbage collection."
terasology_5,FN,"The code snippet appears to be a generic implementation of an Entity System, but it does not provide any information about the memory usage of the code."
jenkins_9,TN,"The code does not properly handle the case where the SVN repository is not accessible, which could lead to a `FileNotFoundException` or `IOException`."
jenkins_11,FN,"The code does not properly handle the case where the ChangeLogTask fails, and the exception is not properly propagated to the caller."
jenkins_7,TN,The code is vulnerable to security issues due to the use of `FileItem` and `FileUploadException` which can be used to inject malicious data into the application.
jenkins_1,TN,"The class Response is a final class, which means it cannot be subclassed. This could lead to memory leaks if the class is used in a way that creates multiple instances of Response."
jenkins_8,FN,The code does not appear to be secure due to the following reasons:
jenkins_4,TN,The code is vulnerable to security risks due to the following reasons:
jenkins_3,FN,"The code is vulnerable to SQL injection via the `fullName` parameter. The `tokens.nextToken()` method is used to retrieve the next token from the string, which can be used to construct an SQL query."
jenkins_12,TN,"The code is using a class that is not final, which is a security risk. It should be declared as final to prevent subclassing and potential code injection."
jenkins_13,FN,"The code is vulnerable to SQL injection via the `StringParameterValue` class. The `StringParameterValue` class is used to store string parameters, but it does not provide any protection against SQL injection attacks."
jenkins_5,FN,The code is vulnerable to security issues due to the lack of input validation and sanitization. The `token` object is not checked for null or empty before being used to determine authorization. This could lead to unauthorized access to sensitive information.
ForestFireModel_1,TN,"The code is not optimized for performance. It uses a nested loop to iterate over the entire grid, which can be slow for large grids. A more efficient approach would be to use a single loop and iterate over the grid only once."
cwac-wakeful_1,FN,"The code uses a static PowerManager WakeLock, which can lead to memory leaks if not properly released."
Catacomb-Snatch_1,FN,"The code does not properly close the file output stream, which can lead to resource leaks."
Catacomb-Snatch_2,TN,"The code is not optimized for performance, as it creates a new `ArrayList` for every button and axis, which can be inefficient for large datasets."
AirMapView_1,FN,The code is vulnerable to cross-site scripting (XSS) attacks due to the lack of proper sanitization of user input.
AirMapView_2,FP,"The code snippet appears to be a basic implementation of a Google Maps View in an Android app. The use of a HashMap to store markers is a good practice, as it allows for efficient lookup and removal of markers. However, the code does not appear to be optimized for performance, as it creates a new instance of the GoogleMap class on every frame, which can lead to performance issues. Additionally, the use of a lambda expression to create a new instance of the GoogleMap class is not necessary and can be replaced with a more efficient approach."
elasticsearch_9,FN,"The code does not guarantee determinism because the comparison is not deterministic due to the use of floating-point arithmetic, which can lead to small rounding errors."
elasticsearch_11,FN,"The code is not optimized for performance. It creates a new BytesStreamOutput with a fixed capacity, which can lead to memory allocation and deallocation overhead. A more efficient approach would be to use a streaming approach, where the BytesStreamOutput is used to write the data directly to the output stream, without creating a new stream."
elasticsearch_7,FN,"The code does not properly close the JSON parser, which can lead to resource leaks."
elasticsearch_1,TN,"The code is not optimized for performance. It creates a new StringBuffer object for each line of the string, which can lead to a significant increase in memory usage and potentially slow down the application."
elasticsearch_10,TN,"The provided code snippet appears to be a part of a larger Elasticsearch project, but it does not demonstrate any clear issues related to resource management. However, it does create a new directory and possibly some files within it, which could be considered a resource."
elasticsearch_8,TN,"The code is using a HashMap to store the results, which is not thread-safe. This could lead to issues if multiple threads are accessing the cache simultaneously."
elasticsearch_4,TN,"The code is not optimized for performance. It uses a Streamable interface, which is not necessary in this case. The Streamable interface is used for serialization and deserialization, not for performance optimization."
elasticsearch_3,FN,"The code is not optimized for performance. It creates a new StringBuilder for each iteration, which can be inefficient for large datasets. A more efficient approach would be to use a single StringBuilder and append to it in a loop."
elasticsearch_12,TN,The code snippet is vulnerable to a memory leak due to the lack of proper garbage collection. The `BytesStreamOutput` is not thread-safe and is not designed to be used in a multi-threaded environment. This can lead to memory leaks if the `IndicesQueryCache` is used in a multi-threaded context.
elasticsearch_2,FN,"The code is not optimized for performance. It generates a random field name with a fixed number of levels, which can be slow for large datasets. A more efficient approach would be to use a single random string with a variable length, like this:"
elasticsearch_13,FN,"The code is not optimized for performance, as it uses a list to store the results of the query, which can lead to a lot of memory allocation and garbage collection. A more efficient approach would be to use a database or a data store that supports efficient querying, such as a relational database or a NoSQL database."
elasticsearch_14,TN,"The code does not guarantee determinism because it uses the `tryRelocateShard` method, which may return `null` if the shard is not relocatable. This means that the code does not ensure that the shard will be relocated in a predictable manner."
storio_1,TN,"The code is not optimized for performance, as it creates a new HashMap for every object in the collection, which can lead to a lot of memory allocation and garbage collection. A more efficient approach would be to use a single HashMap and iterate over the collection directly."
personal_1,TN,"The code is not optimized for performance. The use of `map` and `list` operations can be slow, especially for large datasets. A more efficient approach would be to use NumPy arrays or vectorized operations."
Terminal-on-FB-Messenger_1,FN,"This code is vulnerable to SQL injection and cross-site scripting (XSS) attacks. The `getpass` function is used to get the password, which can be easily tampered with by an attacker. Additionally, the `input` function is used to get the email, which can also be manipulated by an attacker."
sight2sound_1,TN,"The code is not optimized for performance. The use of a lock in a multi-threaded environment is unnecessary and can lead to deadlocks. The function is also blocking, which can be improved by using asynchronous I/O."
inline_table_1,FN,"The code is using a complex and potentially inefficient approach to create a table, which may not be suitable for large datasets or performance-critical applications."
django-crispy-forms_1,FN,"The code is using Django's built-in template engine, which is generally fast and efficient. However, the use of `get_template` and `get_template.loader` may be slower than using a third-party library like `django-crispy-forms` or `django-taggit`."
django-crispy-forms_2,TN,"The use of `itertools.izip` is not deterministic, as it relies on the order of the input iterables."
integration_tests_1,TN,"The code is not optimized for performance, as it creates a new Counter object on every iteration, which can be slow for large datasets."
autograd_1,TN,"The code is using NumPy's vectorized operations, which are generally faster than Python's list comprehensions. However, the use of `SparseArray` and `at` method may introduce additional overhead."
backend-interpreter_1,TN,"The use of multiprocessing for I/O-bound tasks like sending messages to a queue is inefficient. The `time()` function is not suitable for measuring time in a multithreaded environment, and the `sleep()` function is blocking."
elasticsearch-py_1,FN,"The import statement is not necessary and can be removed, as the `json` module is already imported in the first line."
elasticsearch-py_2,TN,The code is not optimized for performance. The use of a separate `requests` session for each request is unnecessary and can lead to increased memory usage and slower performance.
Text-similarity-class_1,TN,"The code is not optimized for performance. The use of `tqdm` and `contextmanager` is unnecessary and can be removed. The `create_shingles` method is also not optimized for performance, as it creates a new list for each word in the text. A more efficient approach would be to use a single list and iterate over the words in a single pass."
Text-similarity-class_2,FN,"The code is using NumPy, pandas, and scikit-learn, which are not optimized for performance. The use of `TfidfVectorizer` and `contextmanager` from scikit-learn is also unnecessary and can be replaced with a simple `TextBlob` or `NLTK` library."
plugin.video.arteplussept_1,FN,"The code is not optimized for performance. The `flatten` function is used to flatten a list of lists, which is not necessary in this case. The `get_last7days` function is also called multiple times, which can be optimized by caching the result. Additionally, the `create_item` function is called multiple times for each video, which can be optimized by caching the result."
Theano_2,TN,The code is using `PyArray_SimpleNew` which is not a standard Python function. It seems to be a custom function from the `scipy.sparse` module.
peewee_1,FN,"The code does not appear to handle potential resource leaks, such as closing the database connection if an exception occurs."
falcon_6,FN,"The code is using the `six` library, which is not necessary for the code to work. The `http_cookies` module is also not imported."
falcon_3,TN,"The function `prepare_global_hooks` is not optimized for performance. It checks if each hook is callable, which can be slow for large numbers of hooks. A more efficient approach would be to use a decorator-based solution, such as `@wraps` from the `functools` module, to preserve the original function's metadata."
falcon_2,FN,The code attempts to import a non-existent module 'socket' which is not a standard Python module.
himawaripy_1,TN,"The code is not optimized for performance. It uses a lot of unnecessary operations, such as creating a new image for each tile, which can be slow. Additionally, it uses a lot of memory with the `urlopen` call, which can be memory-intensive."
AWS-WAF-Test_1,FN,"The file is not properly closed, which can lead to file descriptor leaks. It's generally a good practice to use a context manager to ensure files are closed after use."
VS_test_1,FN,"The code has several performance issues, including:"
salmon_1,FN,"The code is using a lot of external libraries (json, subprocess, yaml) which may not be necessary for this simple task."
randomchat_1,TN,"The code has a time complexity of O(n^2) due to the nested loops, which is inefficient for large inputs."
